,name,latitude,longitude,adress,photo_id,photo_width
0,баскетбольная площадка,55.692279,37.5967583,"москва, россия, 117449",0,0
1,баскетбольная/футбольная коробка,55.695427,37.569923,"москва, россия, 117312",Aap_uEAA9iNe7oYPfR9Pzi9EuYvaPYuWw68oH5YUDTaspr6o7chqlEhtjPvlCRucJOWAGl2IbgHx50b2mpbkdGeqWFEFepDpdY_WT1r9AiqK30PxSxhwvib3n38jzeojiUqTAVk_mvEmWUIoRpcTivCwYncF2UAMnAiZJwSOoqfvm2yCHOkN,4032
2,большая волейбольно-баскетбольная площадка,55.666853,37.54125450000001,"почта, москва, россия, 117393",Aap_uEDEkpVZuobn6bMS_SDEIJWzzpvhnohPEQqhvJkv0DCQwOmR3BqdKeBAo4AlDONbdRKYNwJCFaryXKiu2zoTlCyS4gdPz7cmi-iqFShfIUqzC6UixIuxWKTc6U92q2dPS6kERZiM7QX-D-xP24Avdehpk_BTClqNt9oDKWKlMyENEePD,5504
3,баскетбольная площадка,55.7138727,37.60820289999999,"москва, россия, 115419",0,0
4,nba jam,55.65864699999999,37.6117739,"фруктовая ул., 9, москва, россия, 117556",Aap_uEBwiLIvlcEI6khXSM0bnYKAcGKIG7eQY4bSPbxq7NOJTa3OCUeCqbxhg8Io41CbBy5-IMoIbbTCdinSs_0ziPw7pUJQ9oV3vbJ0aDIHaeO_J7g8SBCBx3kY_PGzhg4uzdCcH_awCo5Uo9hfVTZZbO_TmfRRVdQ1a8MyCIBv0Ap_PDJd,4160
5,баскетбольная площадка,55.6639091,37.4922033,"москва, россия, 119526",0,0
6,баскетбольная площадка,55.6424805,37.5142595,"ул. академика арцимовича, 7, москва, россия, 117437",Aap_uECWouLwQY2Vp-P4hWIq_G9kUKCoGEmVdNfzHArRHC0xS0gnAefsDOCBhEYZBvgVxE5l2tErRTHxNFZsV8Jrpe3uRqspnviZnUW3RBXrQld2bqJiQK59u884vhcAmq809wmBtEZUMRUbUv_XXyNm7yBXCnQySsMifbwcQ6vRB0P2az9z,4160
7,баскетбольная площадка,55.6965807,37.6420732,"автозаводская ул., 23 строение 94, москва, россия, 115280",0,0
8,basketball court,55.6697867,37.5717375,"москва, россия, 117418",0,0
9,баскетбольная площадка,55.6279842,37.5237045,"ул. академика капицы, 14, москва, россия, 117647",0,0
10,баскетбольная площадка,55.6190115,37.4933761,"ул. теплый стан, 9 корпус 9, москва, россия, 117465",0,0
11,"баскетбольная площадка, 3 корта, 7 колец",55.6982645,37.6686185,"андропова пр-т, 1а, москва, россия, 115432",0,0
12,баскетбольная игровая площадка,55.6614811,37.4901,"москва, россия, 119526",0,0
13,баскетбольная площадка,55.7470423,37.5498201,"кутузовский просп., 20, москва, россия, 121151",0,0
14,баскетбольная площадка,55.7588677,37.635397,"москва, россия, 101000",Aap_uEDdBeF4GmRRH8OZ3Q2JPQinhIr9sKcgDCgdbAi5Ain3MLFNcpEPeU_F8948FRHjEdBAPNOSjSUre9tahkYnSuSXcnRO5AW4GdS5JoftPYaeTKE7ezo4L22ghI97KxpkgxKMGvmVHP5B7D7ISPE1vY-HFpwlCEIbSihy4N99wFsdcwc_,4032
15,basketball court,55.6666254,37.566257,"москва, россия, 117418",Aap_uEC-7_5enunRPbyAnEVuDEQlCB3k73p9gBnnpmLSbRpuPfZdzP4OTUqk9zmnfhlIOwqDOFMGxrFKplXR45ALNPPO1o7Hn8B2e7OgfpefbqCPLTZj8dR0ztEj9g07emLi_qIetkHJMn2W6pVBkwA3jHiTsWdgQLTL7MTSJfwrsphdzYqu,4032
16,баскетбольная площадка,55.77446399999999,37.639961,"большая спасская ул., 15, москва, россия, 129090",0,0
17,баскетбольная площадка,55.74790059999999,37.5006925,"физкультурный пр-д, 7/13, москва, россия, 121309",0,0
18,баскетболтная площадка,55.7126518,37.6623497,"ул. ленинская слобода, 4, москва, россия, 115280",Aap_uEA4LIRUymScp-L6wizxoHAf7SbXtul_RaDVFWvVKEuPtnUR-LjAS3-ecxBkoDvI9pTRP9krcl6JmYVGKMzdBtFJtJ-J1193g2ZUynUy8AhVVC3qv25x3vQdUSE6KrFgoOpI4H0LFEKgZ6dxFOCBgbteMyfgCj5gSMabbALCgFUwtAOM,1920
19,многофункциональная площадка arbat hall,55.7521693,37.5844615,"новый арбат ул., 21, москва, россия, 119019",Aap_uEBXDbq82yoCvMNrlVE0vWYT61YvtQGPZjRdSPNnDV7QBJV5QQPh-PjucsQPIY8Xf0vHEl8NirIYG6UN-IAun-ydixISLJ9d4ojcjH14PFoJl_IaIRGUxZn2NghQQuMY3Z-tZiHB-74sp3Ro9QbOpM9SsG3U9EdOoPgWjddtXAj_l7DR,2400
20,площадка на трехпрудном,55.7649675,37.5965696,"трехпрудный пер., 9 стр, москва, россия, 123001",Aap_uEDt9KmHxH-cM6il4WepxvHsJK9PxV3n53NC8t3yV8ylZmpjyvBMWQYYWj0TupdOwN5LSgY3d-pJ0fUS3-LPPiyx8gBS-PatsEwHe2hpnBDsfOFeUH_03xDDzKYpuCVLYgE864OtKSByPDauUnBpLf1crLQ8Cnbq21qZJfM-D5Jtt5tY,4032
21,баскетбольная площадка,55.8058083,37.6434521,"москва, россия, 129626",0,0
22,баскетбольная площадка,55.77114229999999,37.492787,"ул. мнёвники, 7 строение 2, москва, московская обл., россия, 123308",0,0
23,баскетбольная площадка,55.745341,37.7008081,"москва, россия, 111024",0,0
24,баскетбольная площадка,55.8185041,37.6497913,"москва, россия, 129366",0,0
25,баскетбольная площадка на территории учебного заведения,55.8069976,37.6428359,"москва, россия, 129626",0,0
26,баскетбольная площадка,55.79815319999999,37.569351,"петровско-разумовский пр-д, 16 строение 2, москва, московская обл., россия, 127287",Aap_uEASxFQgJMIuII3FNvcKRLwuDQ1_7Q8BqnLnnrQqu4yW8GK4oXXqwfzbqo3ZUATMId9eJ7-cYakw9WSetEijQaJkgcoRdBBVNR80lhXNRo9YfqgQgEU0GJTkQYbnBZIJvpyF_C36tLEwc44TMp3eMLmqLDVjV3YojORev1LJ1Ew7mVLh,3008
27,баскетбольный центр playground,55.800827,37.59457889999999,"ул. складочная, дом 1, стр.1, москва, россия, 127018",Aap_uEDMkNljwI2BEoIxkUneQc-UEwcsfcE2JwFEQ3cZaqLyLdPOYRVVcLLm8UmoOBRYdExFGwPenflI_SCPQZMATNpZwcos3RdVY_fmuCLmeJ9oE_3RWDbTNd3QTzyQTS5TxZ5EmWl7QL4d7Q9JDvc4RhRYzJQmXR4B5fAfHP_762grxCti,1125
28,площадка волейбол и баскетбол,55.7870814,37.5324434,"цска, москва, россия, 125252",Aap_uEAkZNbCi-1RoCrZDV945sM-a8M64Q_4-fX8rCzMwvAQn-6fGmX48jCvfk9o5ieRtMyKvzuZNUaLoTn647VvUJbNdH2MdQ5fpj3jBUCqxY0AAxT6tgtNlHHAs0R4h0T87Y93BjcDyAUp99dX-tp-3y7KLWfBdYuCO_LBCSAKU6YvZgeS,2448
29,площадка для баскетбола,55.810033,37.539277,"большой коптевский пр., 16, москва, россия, 125319",0,0
30,баскетбольная площадка,55.81809670000001,37.5005964,"зои и александра космодемьянских ул., 1с1, москва, россия, 125026",0,0
31,площадка,55.8403983,37.50555430000001,"нарвская ул., 16, москва, россия, 125499",0,0
32,баскетбольная площадка,55.8454705,37.5485912,"с, пр-д черепановых, 64с1, москва, россия, 125183",0,0
33,баскетбольная площадка,55.8253089,37.449119,"ул. свободы, 3а, москва, россия, 125362",0,0
34,"баскетбольный центр ""химки""",55.8856092,37.456139,"ул. кирова, владение 27, химки, московская обл., россия, 125445",Aap_uEBPNeTQICqlf95npBUXepnGgxgbCnPnS7C1TQxoN4jSxylBInZz7Gyfpqwgai_bQkaG39CLmmE_F4dg_vSBPZGjf31kHs7iwmHfymnXnWD7tP6B6NRTdGEDFV1qO56UcKk-JOfHBmUwrEbbBtniaBHgEbtPHJN0VDYGSGOhYd__PiY2,1920
35,баскетбольная площадка,55.8758117,37.6470821,"пр. шокальского, 12 строение 4, москва, moscow oblast, россия, 127642",Aap_uEAAkU-sbvyKTEkXpBTO_tmm6iye1aypOgl_o-OlW_d-lhsV1EU7SNGqsyjncVCzU-m7FvG46Y8PmeThKISba0pyDecuJ7G1vgzOdOEdpzFPUVMGKxq1jccr-m1owLnYXAJ3Iu-jstrOZ4xVkswppdeacBwlkAJ92ivfMvUO0V_4ygc0,1920
36,спортивная площадка,55.8003165,37.6964867,"москва, россия, 107076",0,0
37,мжк (спортивная площадка),55.9027733,37.7123285,"к, ул. летная, 42к2, мытищи, московская обл., россия, 141021",Aap_uECzJU04fszdVz-aF31K4Cw_6AX8x2YboY5MAjdXxbkxtnmrfS29PNdMuYLrfjOhfVOIbLGmYL1lvFE9S9pU7MUo77Yw9yWvvmKKHlElj9Y2xVlHYhqUjKNG4B-UwCaVuAR81LFeonJeG0ACt2IRtxRrK1YC36wMGN-ca9VLdTev4iV2,1280
38,баскетбольная площадка,55.9148313,37.7995803,"королёв, московская обл., россия, 141070",0,0
39,российская федерация баскетбола,55.7683441,37.6471304,"большой козловский пер., москва, россия, 107078",Aap_uEBbpr4oI-b6mLvRsp_hMQJTHezZQPkLoTe2tsYApXq4WBp1bYyIx-tvJIL9qlMHenAiJxa7SpINkkvxyjZj_fDqr6MKtNm7dMTLkfXM5BldeBfK73gFFPYXmTOv1Y37T6XFSu05zTyZ-dx37scnDmImQDt8iODdwPKrj9T4J5VEfJ33,1152
40,баскетбольная площадка,55.76125390000001,37.64833040000001,"москва, россия, 101000",Aap_uECqyRPieU1pDJVmoH-Ro-QFFwUuGpfaGyX5PYpJM-kRqD_BFSRz7AMj199qveOtd_-oaM2TucrmvM93SUmYZOziH90_r3dwqzesmiivgUe-S9v8YomDa8ZlykYfiQ1Z7A8RI2m0Rc5fXhvMff_bt8zRz-pGjMw7JqqIR1QGaTP5p-j4,4032
41,спортивная площадка (футбол/хоккей/баскетбол/качалка),55.7356892,37.6504821,"краснохолмская наб., 1/15, москва, россия, 115172",Aap_uEBX6uvCzk8mwUqw00KXziXdgzYENj0IVbkUGz6J1jH7AFu4CMzhuA9I9E1Iq2AtDL3L5RqcPn2wOiSSPphnHwIaRa08sX0wPvpBfxlsA0n636whKHREE7MtuNdk5bMos3qtJMUkGV6_tqJfxW_M9eUGD_VoqKVtVD9l-pDjOmpCVEwa,4608
42,баскетбольная площадка,55.9408859,37.4946739,"спортивная ул., долгопрудный, московская обл., россия, 141707",0,0
43,"площадка для игры в баскетбол, катания на коньках",55.883318,37.4903339,"ул. маршала федоренко, 14к4, москва, россия, 125599",Aap_uEAauuFRVMnf3n9oay6hYLXqaffPfiqoxoTf5uO_-9nzIn_Y7ogsDZsb5Lc5NRUE99t4bzIVTIm99D3yRaoDTMnCHgEf3tcSQO3RVt8Dpuhg5IQYu9dClQq3TUNfw_9yCEe5X4jASW8XhmylxYxCgDoGZY76ldFYYCbB5IqCVGmj0Pf0,4000
44,площадка баскетбольная,55.89820270000001,37.4744492,"химки, московская обл., россия, 141406",0,0
45,спортивные площадки,55.9619358,37.5930121,"центральная ул., 25, афанасово, московская обл., россия, 141044",0,0
46,территория мяча,55.7187752,37.6884088,"шарикоподшипниковская ул., 13с24, москва, россия, 115088",Aap_uECG9T2h2s-NkGNrXEwkWSXBE2OOC0p1J2VVpZVgY_Qc5tIATaVWGP4IYsZBAxTJYZ3F41OFs45uSSp8JW8OAPLFqaiMIEJ7WVrTqOqtVyC00VWf1RjnucAX19X4FDzbUKE73tqDp6Cz9wq6f4LDwZ-bpTh-Mblf8vatz_jSA06ni9A-,2048
47,футбольная / баскетбольная площадка,55.7447606,37.76786,"ул. плеханова, 23 корпус 2, москва, россия, 111398",Aap_uECorowYaGqpRqFDEStKo0f0abOqKOtCALelANRR_iUqz0vFBK0dMkpavnzPA-NR-GJH9cr45dfClKSmuaP9Pn08tkygYjkbVdhTnIvuLkCnfz_3n9lYYBpTcoOOQe2ugVtJwiU6hK42OAF0eGz3HtIvTA0SrTHyLpLBBanyaBkOmEzC,1280
48,коньково -баскетбольная площадка,55.7171596,37.808682,"ул. хлобыстова, 16 корпус 2, москва, россия, 109542",Aap_uEAEU3PpC8tdT-xguR6z_7SG_Ukkb4f5pIUpL-0YhDMlbFS8NiF1Bpe7WHYvzE8SBc3LozevP2CvcJ8DwnhsgLVhA6tsb2wmtgpRErSM-pZRnttE8KQ16kdOIKUaQW51vcmP6rVWMrdcm5STfciAxbxMYxrScL5ZWpCLRDN_CU89_5By,5504
49,баскетбольная площадка,55.7459283,37.7775849,"перовская ул., 34 строение 2, москва, россия, 111141",Aap_uEBHG0x-0CJAlirlKJByAWMawr7zHgLRqxvF6CTPAYWD0G8DdhQg3eiJ5Z189L-0DDyjKIc-HzAUyTM2XAm28kP_ZTRrOgEo5oeIq69usWxe4Zv7pPEbHyVICLczCutX6O1DmHdFluKjeOXje3-38TA0eepvDwlqUsDW-zsicmc4rFFZ,4032
50,спортивная площадка,55.7710403,37.864102,"unnamed road, реутов, московская обл., россия, 143960",0,0
51,баскетбольная площадка,55.7181028,37.8841411,"ул. медведева, 6а, москва, россия, 111675",0,0
52,баскетбольная площадка,55.536114,37.518096,"южнобутовская ул., 76к1, москва, россия, 117042",0,0
53,баскетбольная площадка,55.530088,37.517623,"чечерский пр., 100, москва, россия, 117042",0,0
54,баскетбольная площадка,55.5411911,37.5028795,"академика семёнова ул., 21, москва, россия, 117041",0,0
55,баскетбольная площадка,55.53445,37.514258,"южнобутовская ул., 84к2, москва, россия, 117042",0,0
56,баскетбольная площадка,55.549221,37.5518019,"б-р адмирала ушакова, 4, москва, россия, 117042",0,0
57,баскетбольная площадка,55.536295,37.527726,"южнобутовская ул., 62, москва, россия, 117042",0,0
58,баскетбольная площадка,55.5410371,37.5224866,"ул. адмирала руднева, 14, москва, россия, 117041",0,0
59,баскетбольная площадка,55.5438184,37.5120244,"академика семёнова ул., 3, москва, россия, 117042",0,0
60,баскетбольная площадка,55.54608400000001,37.554727,"скобелевская ул., 20, москва, россия, 117042",0,0
61,баскетбольная площадка,55.539491,37.529988,"южнобутовская ул., 52к2, москва, россия, 117042",0,0
62,баскетбольная площадка,55.53765,37.5295779,"южнобутовская ул., 56к1, москва, россия, 117042",0,0
63,баскетбольная площадка,55.549663,37.529569,"ул. бартеневская, 27, москва, россия, 117042",Aap_uEAeJOtcvUyzC7hIiPfJcyR0gjjJy5bP3K4JUoXvFF4o900Ie7txmWwrt8GKL34BElXf-mFGtu__mFsOz8UCVDUwNtbPS-ZaYjpHG3vOeFlTtHtvyq7m2fPZZElN7RKu6SAvQjJM7LIBm4OUkV7_RF32j1OO7x5HQZHlzvcIrWHPSlA9,4608
64,баскетбольная площадка,55.54437799999999,37.533618,"ул. горчакова, 9к1, москва, россия, 117042",0,0
65,баскетбольная площадка,55.538165,37.5108119,"ул. кадырова, 8к3, москва, россия, 117042",0,0
66,баскетбольная площадка,55.548949,37.563427,"изюмская ул., 34к3, москва, россия, 117624",Aap_uEADApjz_GunhV1XQFCiiwa_9voEBK0Dpaq49Tsp-6IawLoY_1UBDL547mcPn9aRcIYvo34lMGVKZnLIsMw0LAU32osG3Vcr5io14RgqaaWkzGHJEzHiyP5gzceq4Ri1FaRGX5C6nDaD4ZME_HHrdu0cvWuh0Ii72Xj_VKyKyRGoaRHD,3648
67,баскетбольная площадка,55.531945,37.5233469,"чечерский пр., 80, москва, россия, 107042",0,0
68,баскетбольная площадка,55.52866700000001,37.5173061,"чечерский пр., 112, москва, россия, 117042",0,0
69,баскетбольная площадка,55.54828389999999,37.5380928,"москва, россия, 117042",0,0
70,площадка бутово,55.5513854,37.5413688,"ул. поляны, москва, россия, 117042",0,0
71,детская площадка,55.5575972,37.5573244,"старокрымская ул., 15к1, москва, россия, 117624",Aap_uEAkORZxZoyCtSmx-mEESnTe3GNyE1Eynh18F5OZDFXjnSl6qI0hWCfGloNGcLg-HvMQgqJxgq7cqittQrEuLn4HZrp8H88pUR0btvcCFpwQnORZu1Vm968V87IZEqdIHkVElKJiu6p7zaYXiw9kruUlTuUsZRJ884nZvKMhU-HYj20i,7296
72,спортивно-игровой центр playground,55.80050139999999,37.5946005,"ул. складочная, 1 стр. 1, москва, россия, 127018",Aap_uEAY7Pvif6_G8pVLKsSEpBy8WHAFvTZRacIn7It_dFFReAVj6fap6XKLm56S68l4MyaZxlD01mPKuDFIsYrwswfVJ8sSWq9BsIZJpV-08KCaaglRuY-8Dmh4WeRe4Gh3bxElootoqv34bb8TxY4oY8j0k7OtmbMY0LHw61uLGJYQfG6w,4000
73,баскетбольный центр дмитрия пересыпкина,55.784339,37.53163199999999,"ходынский б-р, 7, москва, россия, 125252",Aap_uEBCExRbW5oYpWfoLGVlJC5JatBFdrJ3D_g-21PUOdekDBjSrwZEXadK5hTLnCsiiQjXpjAcMXXjyV1mVFM5AA96D1CnrvtHsM6-jH8kMak85CwYtSlUrIbu5htVUPbs3pg6YPzUxEgPKEkOMWibg93auPwmgIbAA1jwlh9GngRmaNQA,4639
74,баскетбольная площадка,55.7709081,37.5870516,"васильевская ул., 4, москва, россия, 123056",0,0
75,футбольно-баскетбольная площадка,55.7014733,37.8143319,"ташкентская ул., 21 строение 3, москва, московская обл., россия, 109444",Aap_uEBjFDaCHhuQD40QnNr6v1sSJbBL_tOuZs2M4IJ87M5WPrwsKM_vATkjq0dGihXlgc_jKdOv19RGkgs2fwmygZ8GkE4rV0w2GurhDLFzDkxiwfs1vD6tU70xp_BRuQ3s6JN0FozXHPei6zJu2hiuNppXTu3-Cn2i9VyDZLq4PAgBxHVZ,5504
76,площадка б ф,55.69022039999999,37.72604949999999,"шоссейная ул., 8, москва, россия, 109548",0,0
77,любительская баскетбольная академия,55.66207259999999,37.7771116,"белореченская ул., 47, москва, россия, 109469",Aap_uEDe5kgVedq6YMSKmH7lc8Km5Kbo3pJlguZ_LrGxODsvLzXMrRrkdIgKCNnSdMFKY6ohM5kDHMQz408NUviyds3WV3TKoe2Cb8zYSVzho4p2-j2sU0EOkx_vAuhT6wu2wEeiMZItw5xtO3zEbrdwo6IB3jC8uVjPSvisf-Cezwu4cHD-,2448
78,баскетбол,55.790294,37.81270300000001,"нижняя первомайская ул., 52с10, москва, россия, 105203",Aap_uEDoqsQBzAfM5IR18u34xaCiAM7qw0TSbM5jp1htjsS37UM45N1B0kMdngOM0F5YHBHOpKTWfAyG4FY0FBorow0lPRjF8-zT9ZkZ7ok4PZQS41VBlHc8ryWdBDmlZHyVUrOtNDk-pb8HyDGniqbi4LPCMFzWGZgHMpWpXrPvFJ_z_li4,300
79,баскетбольная коробка,55.8203827,37.6529199,"ул. космонавтов, 14, москва, россия, 129301",Aap_uEDY78YEqz_s5cvktM0lTyygm5XMX03ecE4jfpdrC90FHOghjxNiY_n9nxDfQsr8xZ1Op2yHiueU_uSrVvFoNTTQZqtFhsSQtWDhizasXpx1FYlcTW2NQoGEYj6bewwFsRwnSmUNbLprlZey3_SD_8tMMk4R-9Naw-umWi6PGlQC0vWS,1280
80,баскетбольная площадка,55.6292762,37.7357135,"ул. мусы джалиля, 4 корпус 3, москва, россия, 115573",0,0
81,баскетбольная площадка,55.62944049999999,37.71765000000001,"москва, россия, 115563",Aap_uEAoORiBMYUEaNSmchBEAzD1-ewcYRxNsKAPIwKwDeDqPtWwxgRJmu57XV4B6o_ykc2c19j0TKhWtaBKoBjE6-JHHXFzU3lBZAb6hMs1VUjkQhQcUa_ZG0TUFWvZBQYgzT6dS7EPFY8zWV_41g2Z_BjXxVfDKf6vbcV9erSunw7ccMJd,4032
82,баскетбольная площадка,55.5830099,37.6902572,"москва, россия, 115598",0,0
83,баскетбольная площадка 519,55.6833191,37.7210621,"с, ул. гурьянова, 39 строение 2, москва, россия, 109388",0,0
84,баскетбольная площадка,55.6280234,37.847496,"ул. ленина, 42, дзержинский, московская обл., россия, 140090",Aap_uECl2ylMzEN0ValNIsX7ySbqrskYYgx5q-05GB_cHrr-Nsa8M3OSpQoTwkH0pVSxKvONKQQfcrUPqDKEcMaeU8Fq_2uZU40dI2hurlv0SBTFtRYhaNIjujgJSHvL6c6KWW-gYPULbJD82px6ez4YfmUha5uORfRnP28Ih5zuiS3piG3b,4898
85,баскетбольная площадка,55.7091772,37.81002489999999,"сормовская ул., 12, москва, россия, 109444",Aap_uEDbynuxyGtUyLdynnonGs0xYiI4kSt7HnhWUHKI8DeRzIcx41BIO9c8luilPjepNrZNZoyPH3b-MRfGMXKQHs-nMBvIb8SZUE8GBh9gqfFcTW0UMmL64TDu-L-qqA70EoegGJ6E_9bey-cqLAwV1I6pOgteIZ1F_m-Qh1nNpqgFR3JS,5504
86,баскетбольная площадка,55.6959175,37.9578549,"камова ул., 6/2, москва, россия, 111674",0,0
87,баскетбольная площадка,55.7096855,37.8881128,"ул. дмитриевского, 9 строение 1, москва, россия, 111675",0,0
88,баскетбольная академия илоны корстин,55.800827,37.59457889999999,"ул. складочная, 1 стр 1, москва, россия, 127015",Aap_uECP1_G4FvttJqy-IwIeOfewaM4qn5lP7gFkjNdSq6T2-zFmop1F-bgTXigGEpG9KOY-0VlM_bj90w0NYfhqg1ivX5dY59-I_n2KI9euS93ifzxXhs2mSgAvjsOnLGV36Z6slkSgp_6lu_EIUDsMJT3SdjdbVpDm8DiJ2Q7P2PjZ-hqO,1927
89,футбольная / баскетбольная площадка,55.8057927,37.6434984,"alekseyevskiy, москва, россия, 129626",Aap_uECq-lOaE0_q13Ie7WD8WPgj4Ca5WOn64Z0xoubB_vZLbYfYIyHEdHdrTX-2NzyhBn8qqeiyJUx203TnCzrQjbUwtsYau4vcUvTK1jpQa5FlPlw6BFp05C6RKKXKTNKRlhg2ApJ5Vtrb6Nvb8iw0N1YjGflUfrI3pYGanerSQZOW0rXn,3024
90,баскетбольная площадка,55.7298167,37.8273849,"ул. вешняковская, 23с2, москва, россия, 111539",Aap_uECvP8NW6ZUBE93ScPc8ddvxiHxpcHYdbe4dMQ27BcDlMLmwekUPcwqNoJ-P7SkqCVZdVdvN56pFexDXepmx9EKoK23xNgXhtLP_YB3Ke--e0L0d1vdUc0cUuqxAMf3X37KN-FPYL3D7l7DatiEVCEJ7B1OZ5KzJMwE6Rnr5qQQINFSo,4000
91,баскетбольная площадка,55.7394583,37.8183914,"ул. вешняковская, 1 корпус 1, москва, россия, 111402",Aap_uEDLZ3osuIb82wW3EmCanqN6cHfPdAmNqgbIIATbW7GOjb2nRiGhwXvAZGGrLBwCOgTjueZ5a4nEWKPvUbDx6IDVqsKBo7ftC5ynbQa38TeHCCyWOn70HH4GD7-fcVAou_Fc-R3FAvquQQWchiLcNH5dP8tfQU2jwmW2Hnrk07WZ3xQO,1280
92,баскетбольная площадка,55.7277618,37.8276161,"косинская ул., 4, москва, россия, 111538",0,0
93,игровая площадка,55.747048,37.81452340000001,"свободный пр., 30 строение 2, москва, россия, 111396",Aap_uECPVHrB0jQygUZN_ZHQafkSB1boWQi1RcKZ8AlcY42MtZtkr0bXXK9yuW_-Rk-DCw0_flL5X98OCJwtW7hAEqFnWClBxrOfrOgXNW644Q9R-NbPW-LA5xzb3k3hKAHk3ttptTdjRbhwpjOLscnZ4y633Ka3sHjqRnGF1mczTrNfBeGR,1280
94,баскетбольная площадка,55.7586679,37.860755,"реутов, московская обл., россия, 143964",Aap_uEA_AQgOoEg2xXEKt9Z9dwlp-Qupzoi_CMwdkmi66krVZZm189EZZ-6st7PLC3LSa-AEkULea0Jr4OdACbHaPk8e7cj4WWG6L-63DYWpGKUpZ3bL1EldQV5aU8P8LAo8PsvOtVycdr5gQ3Ap-vVK5IrlEX1jB9i6GjZV6OV6o6KbIco3,1024
95,футбольно - баскетбольная площадка,55.71105799999999,37.816591,"рязанский пр., 76/2, москва, россия, 109444",Aap_uEDrGC6k4plpXuQsNGAvyL293jfOQrN4e-s7et0GZjkgCR9aTswIR_PZlT0AoqyKkh4RrhfSTCFJD_DByc201mnx0VuOzj3Q2OriNSD2_H-LrEjf06taz3I1V7cydwdiOGPJKIZUREaN1L54uNPKQ2-wj2B2EC3J8qEyQPGsl9Ld-LB3,5504
96,баскетбольная площадка,55.7111903,37.8852867,"татьяны макаровой ул., 3 строение 1, москва, россия, 111675",0,0
97,баскетбольная площадка,55.7647687,37.8570065,"ул. советская, 6а, реутов, московская обл., россия, 143960",0,0
98,баскетбольная площадка,55.6969925,37.904762,"ул. воинов-интернационалистов, 7, люберцы, московская обл., россия, 140013",0,0
99,футбольная и баскетбольная плащадки,55.8630796,37.4509408,"москва, россия, 125364",Aap_uECFBa1qx9ZJa0gyPfRntVgZCbggBlG31bSpJe09r559UfBAgxniL9lP9NSjEF20PfXGnKYn76-p6l_ujivRK3UJfrO-tQ9rJHuSufo13JPtxCSl1Z7Ood2ILh5wpIQ2KiekDWTwMI5dJF-AiNoStlTccfYDKYA9Eye6dD7HCO1LNSHz,4032
100,баскетбольная площадка,55.8252964,37.9474353,"ул. летная, 10, балашиха, московская обл., россия, 143909",0,0
101,баскетбольная площадка,55.7925798,37.97618569999999,"ул. твардовского, 13, балашиха, московская обл., россия, 143900",0,0
102,баскетбольная площадка,55.7989385,37.9730311,"пр. ленина, 40, балашиха, московская обл., россия, 143903",0,0
103,баскетбольная площадка,55.8083873,38.0538576,"балашиха, московская обл., россия, 142452",0,0
104,баскетбольная площадка,55.6428615,37.4105834,"москва, россия, 119620",0,0
105,"фитнес-стадион, волейбольная и баскетбольная площадка, футбольное поле",55.65006380000001,37.3993592,"солнцевский пр., 5к1, москва, россия, 119620",0,0
106,баскетбольная площадка,55.7742823,37.2435125,"московская обл., россия, 143421",0,0
107,универсальная спортивная площадка,55.5274686,37.444157,"воскресенское, московская обл., россия, 142791",Aap_uEBaDH1jpAj_jB_4jCbDQmX2oK6Lxih-joAQp2hEbE5x7bGMCYZvGcxXe50CqD4vgKPyh2AZpMZCngKHzo2Cx3FmrGgOp2XKPuJxx8EWYw5An37ikiarUuyRz8iUXuwCyRZNODhQT0p8zi7F3lz2lwylccS1l6QlqCi-Se6pFMjhvu7j,1000
108,баскетбольная площадка,55.5448709,37.5205333,"ул. адмирала лазарева, 42к1с1, москва, россия, 117041",0,0
109,баскетбольная площадка,55.4951561,37.3052784,"моква@троицк, заречная ул., 19, моква@троицк, московская обл., россия, 142191",Aap_uEBBnrzw-bck0DBJgkpGBA_RlEEcXhGaPj-bOqgNt4pHApVauCjSGFmXe5USkiZud7PTHtjqcB8a3Pow-EzI3O59UAhzxy2TdXHvlWNIVFLtBVSjWbwxBpb6Oe_bPo6QeLoGa6Q62xYI-cae4Ge9sfD5Udf0XP-z_UqwOLwum4PndFXe,4160
110,баскетбольная площадка,55.53235100000001,37.5254819,"чечерский пр., 70, москва, россия, 117042",0,0
111,баскетбольная площадка,55.6015165,37.3595368,"ул. бианки, 4 корпус 2, москва, московская обл., россия, 142784",0,0
112,баскетбол и футбол летом и каток зимой днем и ночью,55.6956703,37.9081592,"к, комсомольский пр., 19 корпус 2, люберцы, московская обл., россия, 140013",Aap_uEAgWMWOBsVUkla4SP4h9VVUsVldlM8lK_l9VHHXXe0TnJvkFp0Q8ezvGU3FcAFXwmGOIMFtb9T2R85kigGDBVT8rw0yNTslnugmn7SKqnUk2LCkamk_YYjyOLKXDL719DU_xqWGvU6oPRGUGpNi_qOUkH2VfpiM7ZlESTf_KGWe8Hgq,4032
113,баскетбольная площадка,55.69435970000001,37.9136289,"назаровская ул., 1, люберцы, московская обл., россия, 140010",0,0
114,баскетбольная площадка,55.6876541,37.9114657,"просп. гагарина, 10, люберцы, московская обл., россия, 140010",0,0
115,"спортивный комплекс ""парус""",55.69206999999999,37.84952800000001,"привольная ул., 42, москва, россия, 109156",Aap_uEDBURqnQoQ97DWQlzsruv-BbR19m8iNzgblxDmZ86uou86l1bV301bNrrIXAnfHcNRc9Arkigc6Fsnfn9wYTpZpYL5JGKBfKELlDWVcwD1MSsvRqriOYQPBXLit53sxUj2wRqlmPAJ4NE69T2_JS4M4FmRp10aHkbMJFhsKWzEAvOYq,4096
116,"спортивный центр ""космос""",55.693552,37.551161,"ленинский пр-т., 64/2, москва, россия, 119296",Aap_uECvKAXFwV-0-fBqOfVfMCsaDaDxnZsL8EPI2Gps0ljD1uCRrPJorPIgosxHbRbGc2uqLbWXidexo330cjkukYZUGbHkruNEysx8MPMrl9nGQTQy2tmDNlMBuJ7ZTKIz-OEyzHVXG-eKGtdqpcUZs19UX7D79S1D5zkQjWCC8lg8EMb4,2448
117,российская федерация баскетбола,55.7135668,37.5675857,"лужнецкая наб., 8, москва, россия, 123001",0,0
118,"гбу ""московская баскетбольная академия"" москомспорта",55.81598,37.8178471,"новосибирская ул., дом 11а, москва, россия, 107497",0,0
119,"гбу ""cпортивная школа олимпийского резерва № 56"" москомспорта",55.81603399999999,37.818132,"новосибирская ул., 11a, москва, россия, 107497",Aap_uEDqH5VWDxb5vTaJ2OqLLvsjrYVVFO2AvdyEauAZ16UvJE2qgsdc3OPgcmd62XyZf0i50yERtazVGGUNq91dBEzh5c74A8lpfewTjuZRFffSPkyVHTXu9B0oMpha2-B5oXvLkxkZz1Eyjk3gRrI8KXOfo8nH_yyA5hfO-S5fbtu3amMr,4330
120,спортивная экипировка,55.7898289,37.74958,"измайловское ш., 71-а, москва, россия, 105187",0,0
121,арена 4 спорта,55.7156639,37.6346168,"дубининская ул., 69, москва, россия, 115054",Aap_uECZlXNRid3K8OVyXSUj3ffD2nEl99tfbaewFFeepBUV3L5BcInSYy70vfSsxEFXHl10OewywJh0y5CoAHvlcFMtpnZoX9WpVNBTLygvld6kfsyQZIZzeWhNSzCKOBZ8SXBeIBixMdMz5OUFeNNjXSj9UGxnRJLEGoO3AOsgEpsB9i9i,4208
122,спортивная школа «тимирязевская»,55.8812508,37.5598537,"ул. 800-летия москвы, 7б, москва, россия, 127591",Aap_uEBPM4Mc8wez0m53cd1HgANkG7HKKtHA6hIP22tAvAlgzpP-Fg-dU3wNUHzxfiZtB0nl2ibQhNjoLXPZ02UH3FfIRxsWAfgaw3ZvsI4z6p7DP40rk6MljuTVxYVzLzi2ZrEDETl8223Y56VcucPJUphgSeSF5cv-eamEWw4S_jtnefXm,4032
123,баскетбольная школа,55.879475,37.55737010000001,"москва, россия, 127247",0,0
124,"гбу ""спортивная школа олимпийского резерва № 49 ""тринта"" москомспорта",55.69997060000001,37.60960559999999,"загородное ш., 2а, москва, россия, 117105",Aap_uEB_f-h50rmX_S0IHVHgXmeBE4E4Kwnzkxv1oGqwzwUDKZ885gH5C41X3b8tVCuZdZfg4gHwRCMWDat_tQP8JsonSVjOKw8h9KrDWTcZjBpg7u_5-pZPVIuATcc_W-SNGp3MlxV76owFBa70rN28Zk9pY3lB6PAax5M_He-TGKl7clrF,4160
125,спортивный комплекс citysport ленинский (футбол / хоккей),55.705504,37.600333,"5-й донской пр-д, 15 стр.7, москва, россия, 119334",Aap_uEDcKXZ5pypOCCpPj2cRAVK4079vhQ_HzN-jDe43NN9l7mB42ZOfnzPwqpR6JD5PazRNd0sUsCyF31A0Au_ltHnuZPbl19WrH0F1B9U7fs0H2apwJwJgkDnFvxLa4mG0sIfygC_91geVPvsIEmY3wJbm6ADjPZqH-f6YJZPnYgXPhyi2,2808
126,асб (ассоциация студенческого баскетбола),55.704005,37.6255581,"варшавское ш., 1 строение 2, москва, россия, 117105",0,0
127,баскетбольная площадка,55.4189912,37.5281861,"unnamed road, подольск, московская обл., россия, 142114",0,0
128,баскетбольная площадка,55.8610951,36.8943251,"московская обл., россия, 143500",0,0
129,tpx баскетбольная секция,55.685858,37.751274,"краснодонская ул., 2к4, москва, россия, 109387",0,0
130,"баскетбольный клуб ""стремление""",55.6483302,37.5409694,"ул. бутлерова, 17б, офис 345, москва, россия, 117342",0,0
131,баскетбольная академия первый шаг,55.7707604,37.4130608,"крылатская ул., 25, москва, россия, 121614",0,0
132,смотровая площадка,55.7520222,37.4166222,"улица крылатские холмы д.15к2, москва, россия, 121609",Aap_uEB5Zzq1fO_sbKCMnSQBkLqzDlInGd_m-nYML00LwzRkFGeC4fchmVQn_YKHNLjuH-4fKe0ePjzGJJuOaKuKhNe6s31U-vkhV6Vg-PCZC1uoukjtzOD9rfBao08geQXiTv5sYi9gK2VjrtNNY9ZSV8FgTv3hijbcSls2Wr3rBl-qcWgd,4032
133,"баскет холл москва гбу ск ""мегаспорт"" москомспорта",55.75727639999999,37.4434239,"островная ул., 7, москва, россия, 121552",Aap_uEAN6vpykc-xXBRx__C8iQLVZnKENJD5uo8uHqfdJShx2YAljrpqEY97vRnX53xQcTA3OfahJndRPoQmaN_58krdHZBLnTP8DDT8GnFj6WuNYtdVr1jutQiepjzlef7vX76ekTZ-G7Ae6tRi5WCbgKer46l5NAiUCKCIXNyRitcHYGr6,4208
134,баскетбольная площадка,55.8344791,37.268608,"ул. мерлушкина, 1, красногорск, московская обл., россия, 143409",Aap_uEAHltFbfr1Trkq2IChcs5N0Q8ZrxpzxVJRSb_lSz9UbfzwkGwxXnn0OHvgT6ip9x3PBUxgX5ZGMmNAT4_HY821nrndLfDNSi9b4u3K6GLBUMFRhutR9K1qnBocOsy4vRthTZPLlh3Wja-OrXQdQbxmbDPE-NboQrWdDkd91bPNIPeTp,3120
135,баскетбольная площадка д.5,55.4179966,37.4825025,"подольск, московская обл., россия, 142133",Aap_uECgV24dgd8iQgJQYQaatHEn3KCG3IZonjq99nk28Og7ANO6LussaB0hiDfiklQ_68MCMXtKIyiFaFbrP-keg5sfh0q42OCF5HWa28yyetUG0UAfZ2FOVUchnOZr8TXSNhO73_BjIDS4TXNCpKvCHgYWiUsyqYYC5LU93czGJOQAqEyh,3024
136,баскетбольная площадка,55.5933199,37.1095033,"совхоза крекшино пос, 35, крекшино, московская обл., россия, 143391",0,0
137,баскетбольная площадка,55.60296760000001,37.1691293,"ул. ленина, москва, россия, 108804",0,0
138,баскетбольная площадка,55.58432939999999,37.1286709,"ул. медовая долина, дом 7 корпус 2, москва, россия, 108810",0,0
139,баскетбольная площадка,55.97519759999999,37.1680731,"зеленоград, московская обл., россия, 124365",0,0
140,баскетбольная площадка,55.9727054,37.1641191,"зеленоград, москва, россия, 124365",0,0
141,баскетбольная площадка,55.966275,37.1505229,"георгиевский просп., 37к2, зеленоград, москва, россия, 124365",0,0
142,баскетбольная площадка в 15м микр,55.9793789,37.1597525,"москва, россия, 124365",0,0
143,баскетбольное площадка,55.9421905,37.2922788,"химки, московская обл., россия, 141420",0,0
144,баскетбольное поле имени горюнова,55.9446756,37.3474144,"синявинская ул., 11 корпус 16, москва, московская обл., россия, 141431",Aap_uECcxqXOSvmshUuTy_SlK9PBpSwRPqBz7ypSsMofLGBWLLs2TF_HvhAzHVIUm1GvhT71qW8g22e0mzkh5eXdBmgpvYAHh2UqP6aGKxyDlmJe25V1NZeOJvXSuhLNjmym6cuhvnr5Yrvv1drCBvWXpJM_iSe6SCq_b4OiVRHiADcp_wP2,3000
145,баскетбольная академия хаски,55.669365,37.760553,"новороссийская ул., 36, москва, россия, 109559",Aap_uEDRLq7hmMVkrmui7BL8ISCqCEMY4xcCJCsL7jX00lAL6rz2f3ZVIF4Shc59-TaEiAwesYYCMzNwFJ8N6kuyOaqZav2Gw3ckLYAuv9RSN14zJ9Ol83tBogBNNlxFXWQSV70Lsv7j0FNnjdFiXKbsrqryaUEtipuwPT0f0O6YKvp_0QXP,1919
146,"спортивный комплекс ""снегирь арена""",55.59242459999999,37.2012086,"2, марушкино, москва, россия, 108809",Aap_uED68bZEckjZnsp4Dx_t2IraOW9g23nxzxiMZRrVc9n5Z2XW2KwOjVdIXN9j1pI5mWTb0sFpzNksftl_jrvtX6bVVuMJ0N5PTdLELi-yDf53sWN6bEqfSZvDxL_Nr1BW6O6jLpnpJ3jJ6QDfao15_3P7bcRMbRPDy1eYyza-MVS6TFRb,4032
147,баскетбольная площадка,55.5128192,36.9851665,"селятино, московская обл., россия, 143345",0,0
148,баскетбольная площадка,55.7030384,37.0218756,"20, горки-10, московская обл., россия, 143021",0,0
149,баскетбольная академия хаски,55.660207,37.7453681,"ул. перерва, 41к2, москва, россия, 109341",Aap_uEDex2kZE-NyShoeDANb5g9X4O4a3Jq_Lsh4aKNd8dnHNvu34zB7Kv5vuBDgiLo-4vzPEJ5q8FyNXWxfMFSacFIuVM-9jHD9KLXgDkg238cEAIKGmxHFvEMfZFFm1njlyAmCZ3I8GkZ4NVFuCtwC9YRnlVRrNpbQcPmGjlyA3c0AOWgQ,1919
150,баскетбольная площадка,55.8483179,37.1729426,"красноармейская ул., 47, нахабино, московская обл., россия, 143430",0,0
151,профессиональная баскетбольная лига,55.7906559,37.6005951,"тихвинская ул., 20, москва, россия, 127055",0,0
152,teenbasket,55.75544679999999,37.760047,"ул. плеханова, 7, москва, россия, 111141",0,0
153,спортаренда,55.6574677,37.5293937,"ул. обручева, 23, корп. 3, москва, россия, 117630",0,0
154,campus. спортивные площадки,55.76284,37.530252,"2-я магистральная ул., 16с1, москва, россия, 123290",Aap_uEBpAS3lKaH0lyLnjzwf64QgH2oV7O6FB377eyDZQxZp4tHoL0KRfOrOraBM_mfp1236oOH6P7FYcwxRfNlnGKyi2Y1sWFOFXfIxDCDTTYiokO5J_OqDv_glwMI9EVuI_zcKcj50JQz3lzn7U6708cGxWSr96Vq4ibhs0A7-uhFIjAbu,2309
155,баскетбольная акадмия первый шаг,55.6907139,37.4994121,"15к1 &nbsp;, школа № 1434 ""раменки, ул. раменки, москва, россия, 119607",0,0
156,"спортплощадка, воркаут",55.6044913,37.1698009,"москва, россия, 143390",Aap_uEBvYKe9lou6qXuquq0jN302ONE3woqOQ4XECfO1fCK1oGrSL1PJVroJTDTw-2hVpTn-SW6OM4Q3Wt6jUKttllYmT7lQ0kc7Tl-P5g2miUbB_BfS8IEU1GXyjK6NdeZ3rToLNPlCsODD-EG8DKlHYBlGzcalgi4-Wsp4ZO7lAC-KTvcC,3264
157,спортивная площадка,55.9676351,37.59203979999999,"ул. березовая pоща, афанасово, московская обл., россия, 141044",0,0
158,гбу сшор москвич москомспорта,55.706858,37.731782,"люблинская ул., 15, москва, россия, 109390",Aap_uEAkSTUPf0LmRbzbKzkCPiJGNhE8dm-Y25mkKAyW9lIyVF9U6X99aB0fofPxlCBWHisHQda52GLJ11nChv7Hs-0-S6y19-Ly_Z8XMXm3WGiS7w-7gJ9J6UpDuyt2uhJ7hecBVAJLkYtDFX2CAyu7ENQeOF5pl7ioNiLpRD1SPuh4u-MA,3456
159,баскетбольный клуб стремление,55.621398,37.6627281,"севанская ул., 6, москва, россия, 115516",0,0
160,спортивный комплекс чертаново,55.6356303,37.59488229999999,"северное чертаново ул., корпус 806, москва, россия, 117208",Aap_uED_bGZcqZY5kLlOQsWpL_xJnjPH1CiAMmelmI2AI44kwUyPhE2K5wPOO6F2ECFQITcHElT4rZbDe5hba-mnb7Emhjav6Ox8qhf7IRI_PxAxUP8D5U16xH5uPKoeBf3zIM8_y9pXalf4h7mos-DBUiwdGl7ywFXVI4L2hl0S6zQAWVUH,3968
161,"профессиональный баскетбольный клуб ""руна""",55.7187293,37.68728979999999,"шарикоподшипниковская ул., 13 с24, москва, россия, 115088",0,0
